Town,pop.total,pop.white,pop.black,pop.asian,pop.latino,pop.college,household.income,household.size,white.pct,black.pct,asian.pct,latino.pct,college.pct,E_TOTPOP.town,RPL_THEME1.town,RPL_THEME2.town,RPL_THEME3.town,RPL_THEME4.town,RPL_THEMES.town
Abington,16330,14878,261,605,339,1043,90873,2.53,0.9110838946723822,0.015982853643600733,0.037048377219840785,0.020759338640538885,0.06387017758726271,21043,0.42780821175687883,0.37585349047189087,0.47559806586513326,0.22948146652093335,0.34334214228009313
Acton,23497,16329,366,5896,741,1136,138090.02740775418,2.6562620760097033,0.694939779546325,0.015576456568923692,0.25092565008298934,0.031535940758394686,0.048346597437970804,30359,0.14587228169570804,0.24382147962712866,0.6526991995783786,0.4909361079086927,0.33909172238874796
Acushnet,10483,9631,8,164,353,773,72125,2.58,0.9187255556615472,7.631403224267863e-4,0.015644376609749117,0.033673566727081945,0.07373843365448822,13856,0.6490189376443417,0.6724595987297922,0.45451990473441106,0.6054047416281756,0.662546470842956
Adams,8209,7976,54,49,88,234,49301,2.13,0.9716165184553539,0.006578145937385796,0.005969058350590815,0.010719941527591668,0.028505299062005118,11344,0.676132616361072,0.6673823871650211,0.12537150035260933,0.3887453455571227,0.5196306241184767
Agawam,28744,26945,494,629,1577,1644,66785.67774144169,2.3767419287503477,0.9374130253270248,0.017186195379905372,0.02188282772056777,0.05486362371277484,0.05719454494851099,44913,0.4718281989624385,0.590416614343286,0.3138469396388573,0.35542334290739874,0.4227385500857213
Alford,1369,1207,56,31,37,66,71989,2.27,0.8816654492330168,0.04090577063550037,0.022644265887509132,0.02702702702702703,0.04821037253469686,5058,0.34542775800711745,0.6174684064847766,0.1564141162514828,0.28594717279557136,0.29782574139976276
Amesbury,17378,16415,137,199,471,801,80721,2.39,0.9445851076073196,0.007883530901139371,0.01145126021406376,0.0271032339739901,0.046092760962136034,17378,0.37007689607549776,0.6695881401772356,0.14727651053055585,0.49642898492346643,0.41872763839337096
Amherst,71370,53911,4113,8369,5036,36425,47456.03219840269,2.451739386296763,0.7553734061930784,0.057629255989911726,0.117262154967073,0.07056186072579515,0.5103685021717809,102410,0.7371192930377893,0.1999688409335026,0.4024739068450346,0.6257038902450932,0.5353010584903818
Andover,35609,28594,972,4966,1562,2481,148125,2.73,0.8029992417647224,0.027296469993540958,0.13945912550197984,0.043865314948468084,0.06967339717487152,35609,0.12100089303266029,0.3389176893481985,0.44498331882389286,0.32540831250526553,0.22199195708949984
Aquinnah,1463,1206,15,4,109,93,93250,3.03,0.8243335611756665,0.010252904989747095,0.002734107997265892,0.07450444292549556,0.063568010936432,4218,0.1241,0.3865,0.1634,0.2846,0.15310000000000001
Arlington,45147,36371,1188,5321,2286,2316,106914.9287438811,2.3866872660420406,0.805612776042705,0.02631404080005316,0.11785943695040645,0.050634593660708355,0.051299089640507674,69777,0.19773934534302132,0.3605394427963369,0.5508986112902532,0.547208021267753,0.3927953494704559
Ashburnham,6253,6002,59,10,81,721,97561,3,0.9598592675515752,0.009435470973932512,0.0015992323684631377,0.012953782184551415,0.11530465376619223,14935,0.5219787947773686,0.5793443321057918,0.0911174891195179,0.7061788617341813,0.5204444526280549
Ashby,3215,3121,7,21,105,178,101357,2.9,0.9707620528771385,0.002177293934681182,0.006531881804043546,0.03265940902021773,0.05536547433903577,3215,0.5058,0.1696,0.1135,0.1962,0.17980000000000002
Ashfield,1367,1309,2,6,35,84,71346,2.32,0.9575713240673006,0.001463057790782736,0.0043891733723482075,0.025603511338697878,0.061448427212874905,3419,0.1597,0.5294,0.0519,0.32849999999999996,0.186
Ashland,17576,14570,445,1808,1241,952,121406,2.62,0.8289713245334547,0.025318616294947655,0.10286754665452891,0.07060764679107874,0.0541647701411015,17576,0.1320693218024579,0.2484170573509331,0.5796625682749202,0.16186412152935822,0.17364379267182523
Athol,13383,12475,77,122,559,595,57164,2.51,0.9321527310767391,0.005753567959351416,0.009116042740790555,0.04176940895165508,0.0444593887768064,14662,0.7489480561997,0.7546315032055654,0.18520049106533898,0.5693407720638385,0.6275264220433775
Attleboro,44548,39293,1275,2071,3214,2221,74255,2.53,0.8820373529675856,0.028620813504534433,0.04648918021011044,0.07214689772829308,0.04985633474005567,51377,0.5322648656013391,0.6006957471241996,0.3976765829067481,0.469535560659439,0.5106474278373591
Auburn,16549,15698,220,334,740,1078,83441,2.45,0.9485769532902291,0.013293854613571817,0.020182488367877213,0.044715692791105204,0.0651398876065019,16633,0.3598584981662959,0.37490588588949675,0.18777683520711838,0.43533880839295375,0.31426935609932066
Avon,4482,3320,591,331,232,306,69868,2.83,0.7407407407407407,0.1318607764390897,0.07385095939312807,0.05176260597947345,0.06827309236947791,4482,0.5915,0.2585,0.6042,0.4451,0.536
Ayer,15524,14022,538,654,922,1428,91156,2.27,0.903246585931461,0.03465601649059521,0.042128317443957744,0.05939190930172636,0.09198660139139397,16110,0.2968,0.2907,0.2365,0.7497,0.407
Barnstable,43745,39577,2147,334,2232,1997,71326.83241513316,2.301788775860098,0.9047205394902275,0.049079894845125156,0.007635158303806149,0.05102297405417762,0.04565093153503257,113056,0.3941237899801868,0.5079804601259552,0.2282695761392584,0.3058591565242004,0.3018825298966884
Barre,5539,5270,115,39,89,326,67937.86206896552,2.74695612926521,0.951435277125835,0.020761870373713666,0.007040982126737678,0.01606788228922188,0.058855389059397,11078,0.5147,0.3885,0.0328,0.7325,0.4612
Becket,4804,4506,122,8,220,142,75852,2.3,0.9379683597002498,0.0253955037468776,0.0016652789342214821,0.04579517069109076,0.029558701082431308,4804,0.5072,0.4945,0.1415,0.1447,0.2533
Bedford,16114,12664,544,2283,780,917,125579.31506764304,2.7427851557651732,0.7859004592280004,0.0337594638202805,0.14167804393694924,0.048405113565843365,0.05690703735881842,32980,0.20637953305033355,0.5254712431776835,0.4968172468162523,0.4615547422680413,0.3928912431776834
Belchertown,14967,14178,85,496,208,1067,93300,2.7299999999999995,0.9472840248546803,0.005679160820471704,0.03313957372887018,0.013897240595977817,0.07129017171109775,14967,0.3436973742232912,0.37513937996926566,0.23336176922562973,0.36062455401884147,0.29143101489944545
Bellingham,17016,15906,269,187,455,1048,99569,2.64,0.9347672778561354,0.01580865068171133,0.010989656793606018,0.026739539257169723,0.0615890926187118,17016,0.34498302773859896,0.2099654442877292,0.22681937000470145,0.16259304184297135,0.14919670897978374
Belmont,26033,20455,370,4207,1311,1452,120398,2.63,0.7857334921061729,0.01421272999654285,0.16160258133906963,0.050359159528291016,0.055775362040487074,26043,0.21595174903044964,0.44970484967169677,0.5828252966248129,0.27654846215873746,0.29743628230234614
Berkley,6679,6495,6,1,5,284,94516,2.8400000000000003,0.9724509657134301,8.983380745620602e-4,1.4972301242701004e-4,7.486150621350501e-4,0.04252133552927085,6679,0.11169999999999998,0.1471,0.0499,0.34359999999999996,0.0851
Berlin,3144,3052,17,53,22,225,104063,2.79,0.9707379134860051,0.005407124681933842,0.016857506361323157,0.006997455470737914,0.0715648854961832,3144,0.1953,0.3817,0.18729999999999997,0.3011,0.1908
Bernardston,2498,2475,3,10,1,85,67470,2.37,0.9907926341072858,0.0012009607686148918,0.0040032025620496394,4.0032025620496394e-4,0.034027221777421936,4351,0.4126,0.71,0.0854,0.7106,0.5024
Beverly,41731,38961,702,767,1869,4654,79483,2.3,0.9336224868802568,0.01682202679063526,0.01837962186384223,0.04478684910498191,0.11152380724161894,41731,0.37422065131437066,0.32426451319163213,0.25113591574608807,0.5198263640938391,0.36422173204572145
Billerica,43239,37034,1405,3018,1742,3006,102192.62309489118,2.8132567820717407,0.8564952936006845,0.03249381345544532,0.06979809893845834,0.04028770323087953,0.069520571706098655,76419,0.36084046245043777,0.331481639382876,0.36041724963687044,0.38829077847132254,0.32413292636647956
Blackstone,9246,8800,171,25,259,418,86513,2.68,0.9517629245078953,0.018494484101232965,0.0027038719446247027,0.02801211334631192,0.045208738914125024,9246,0.44769842093878437,0.2754286394116374,0.14042647631408176,0.31241431970581873,0.26102749296993294
Blandford,2394,2366,0,0,40,64,75250,2.35,0.9883040935672515,0,0,0.01670843776106934,0.026733500417710943,14258,0.5284,0.3789,0.0807,0.3052,0.3157
Bolton,5236,4898,16,227,98,279,155093,3.1,0.9354469060351414,0.0030557677616501145,0.043353705118411,0.01871657754010695,0.053284950343773875,5236,0.0178,0.1614,0.1866,0.0645,0.011
Boston,673934,353412,154231,64017,133222,102096,67381.37165657172,2.4075608739134693,0.5244014992566037,0.22885178667347247,0.09499001385892387,0.19767811091293805,0.1514925793920473,1061603,0.6665855985712172,0.406168257908088,0.7499206924810875,0.7566915060526394,0.6888786033008573
Bourne,35635,32820,582,244,1250,2490,72894.27910761892,2.2865912726252278,0.9210046302792199,0.016332257611898413,0.006847200785744353,0.03507787287778869,0.06987512277255507,99833,0.3397455951438903,0.5471565744793806,0.2428522131960374,0.3591028207105867,0.32920538899962937
Boxborough,5794,4203,45,1251,212,467,108207,2.56,0.7254055919917156,0.007766655160510874,0.2159130134622023,0.036589575422851225,0.08060062133241284,5794,0.3345,0.1368,0.5332,0.2695,0.2485
Boxford,8270,7767,0,195,95,411,174340,3,0.9391777509068924,0,0.02357920193470375,0.011487303506650543,0.04969770253929867,8270,0.0973,0.3721,0.1552,0.0165,0.0199
Boylston,4581,4374,12,136,88,274,98520,2.58,0.9548133595284872,0.0026195153896529143,0.02968784108273303,0.01920977952412137,0.05981226806374154,4581,0.1453,0.5048,0.0745,0.1488,0.1084
Braintree,37207,30464,1083,4506,813,1927,94945,2.6,0.8187706614346763,0.02910742602198511,0.12110624344881339,0.021850727013733976,0.05179132958851829,37207,0.36159432096110944,0.5010614104872739,0.5388770312038057,0.5149507834547262,0.49260792861558306
Brewster,9773,9531,72,18,181,342,73534,2.22,0.975237900337665,0.007367236263174051,0.0018418090657935128,0.018520413383812544,0.03499437225007674,12912,0.24902410161090457,0.33215715613382896,0.07980938661710038,0.6069939281288724,0.3036714064436183
Bridgewater,27397,23080,2356,591,1116,5564,92289,2.82,0.8424280030660292,0.08599481695076103,0.021571704931196846,0.04073438697667628,0.20308792933532868,25744,0.5266954047545058,0.3492485122747048,0.3177407745494096,0.40670049331883157,0.38398384866376634
Brimfield,7478,7116,270,34,196,292,84471,2.61,0.9515913345814389,0.036105910671302484,0.004546670232682536,0.026210216635464027,0.03904787376303825,7478,0.5113,0.6983999999999999,0.1244,0.4458,0.464
Brockton,95426,38027,38947,1528,10598,6567,55793.892366860186,2.9174601261710644,0.3984972648963595,0.4081382432460755,0.016012407519963114,0.11105987885901117,0.06881772263324461,97641,0.8017514271668663,0.7653738050613984,0.8521708063211151,0.636755610860192,0.8228599020903105
Brookfield,3431,3111,43,51,0,106,68125,2.33,0.906732730982221,0.012532789274264064,0.01486447099970854,0,0.030894782862139317,3431,0.5209,0.5848,0.2037,0.3964,0.4426999999999999
Brookline,51158,38094,1299,8060,4258,7176,108263.11208413151,2.3125431017631652,0.7446342702998554,0.025391923061886704,0.15755111614996678,0.08323233902810899,0.14027131631416395,78885,0.21309575711478737,0.22691411548456614,0.5819907181339924,0.7861697103378336,0.4427995816695189
Buckland,127,114,0,0,0,0,60625,2.54,0.8976377952755905,0,0,0,0,3790,0.6915999999999999,0.7982,0.0841,0.5885,0.6307
Burlington,27059,20416,1335,4399,605,1476,105443,2.72,0.7544994271776488,0.04933663476107764,0.16257067888687682,0.022358549835544552,0.054547470342584725,27059,0.25437577146236007,0.45628339923870065,0.5468525924830925,0.41947894600687385,0.392104416275546
Cambridge,115791,77554,11859,18416,10729,29557,95428.07814078814,2.1347606463369346,0.6697757165928268,0.10241728631758945,0.15904517622267705,0.0926583240493648,0.25526163518753614,190137,0.41906871150801794,0.11430729368823533,0.5568681350815464,0.7513826751237266,0.44386702062197264
Canton,23134,18887,1533,1720,894,1058,105371,2.53,0.8164173943114031,0.06626610184144549,0.07434944237918216,0.03864441946917956,0.0457335523471946,23134,0.22909119045560647,0.516946325754301,0.4717590386444195,0.5173958070372611,0.4131867727154837
Carlisle,5186,4485,0,583,84,294,171625,2.84,0.8648283841110682,0,0.11241804859236405,0.01619745468569225,0.05669109139992287,5186,0.1213,0.1984,0.3602,0.024,0.0288
Carver,11661,10943,198,162,222,818,66406,2.59,0.938427236086099,0.016979675842552097,0.01389246205299717,0.019037818368922047,0.07014835777377583,11661,0.5535696166709545,0.5606952319698139,0.22082302546951377,0.36989541205728493,0.4290752937140897
Charlemont,1428,1363,6,32,18,46,61500,2.41,0.9544817927170869,0.004201680672268907,0.022408963585434174,0.012605042016806723,0.03221288515406162,8301,0.6759492591254066,0.8093402843030959,0.07073165883628477,0.6242575954704253,0.6340692567160584
Charlton,13482,12972,99,83,568,785,97805,2.73,0.9621717846016912,0.007343124165554072,0.006156356623646343,0.04213024773772437,0.05822578252484795,13482,0.43973224299065417,0.4863036715620828,0.15139759679572765,0.26290754339118827,0.2750642857142857
Chatham,6044,5738,127,38,166,275,73383.99189278623,2.0933272667107876,0.9493712772998014,0.021012574454003972,0.00628722700198544,0.02746525479814692,0.04549966909331569,12310,0.2799883671811535,0.4432565556458164,0.15342950446791226,0.22702281072298944,0.20552719740048742
Chelmsford,35086,30605,291,3175,1271,2183,111359.7043550134,2.5719261243800946,0.8722852419768569,0.00829390640141367,0.09049193410477113,0.03622527503847688,0.06221854870888673,41419,0.19307283372365341,0.46218946377266473,0.2693717062217823,0.32413869238755155,0.2336574639658128
Chelsea,39842,20227,2318,1192,26645,1752,53335,2.98,0.5076803373324632,0.05817981025048943,0.029918176798353496,0.6687666281813162,0.043973696099593396,39852,0.8140808491418248,0.7110294138311753,0.963483373481883,0.837568071865904,0.8885439250225836
Cheshire,3135,3071,10,0,97,133,68264,2.2,0.979585326953748,0.003189792663476874,0,0.03094098883572568,0.04242424242424243,3172,0.6169,0.5705,0.055400000000000005,0.1612,0.3198
Chester,2896,2848,8,4,22,140,64904,2.53,0.9834254143646409,0.0027624309392265192,0.0013812154696132596,0.007596685082872928,0.04834254143646409,20552,0.4826466134682756,0.45472689762553525,0.06057953483845855,0.3541383612300506,0.3243361813935383
Chesterfield,734,709,0,0,26,17,68751.30790190736,2.236594005449591,0.9659400544959128,0,0,0.035422343324250684,0.02316076294277929,2710,0.6662,0.3523,0.0062,0.0624,0.208
Chicopee,55661,47799,2294,1188,11486,3834,50184.94401825336,2.3645954977452797,0.8587520885359587,0.041213776252672425,0.02134349005587395,0.20635633567488906,0.06888126336213866,95836,0.7401367356734423,0.7622162642430819,0.576308642889937,0.45851133081514256,0.6913100400684502
Chilmark,1463,1206,15,4,109,93,93250,3.03,0.8243335611756665,0.010252904989747095,0.002734107997265892,0.07450444292549556,0.063568010936432,4218,0.1241,0.3865,0.1634,0.2846,0.15310000000000001
Clarksburg,15573,14259,262,138,605,1699,41807,2.15,0.9156231939895974,0.01682399023951711,0.008861491042188403,0.03884929043857959,0.10909908174404417,16337,0.7897244659362184,0.8719952622880578,0.24436796229417884,0.6559472363347004,0.7434401175246373
Clinton,13899,12425,136,143,2370,963,66094,2.51,0.8939492049787755,0.009784876609828045,0.010288509964745665,0.1705158644506799,0.06928556011223828,13899,0.45944845672350526,0.44187406288222175,0.4961264191668466,0.5294514425498238,0.4861303115332039
Cohasset,8449,8235,49,64,78,297,132204,2.68,0.9746715587643509,0.00579950289975145,0.007574860930287608,0.009231861758788023,0.03515208900461593,8449,0.1878,0.5616,0.0096,0.3313,0.1833
Colrain,1808,1752,13,5,10,69,55980,2.43,0.9690265486725663,0.007190265486725664,0.0027654867256637168,0.0055309734513274336,0.03816371681415929,4511,0.6628,0.8187,0.0595,0.6543,0.6369
Concord,19350,16107,769,1346,1378,543,141068,2.59,0.8324031007751937,0.03974160206718346,0.06956072351421189,0.07121447028423773,0.028062015503875968,26121,0.19098926534206195,0.45606246315225296,0.5383177787986677,0.5720443244898741,0.4159401707438459
Conway,1836,1813,0,4,46,69,100417,2.44,0.9874727668845316,0,0.002178649237472767,0.02505446623093682,0.03758169934640523,3419,0.1597,0.5294,0.0519,0.32849999999999996,0.186
Cummington,1908,1842,34,10,26,30,55268,2.12,0.9654088050314465,0.01781970649895178,0.005241090146750524,0.013626834381551363,0.015723270440251572,6294,0.379,0.6265,0.015,0.465,0.34389999999999993
Dalton,6782,6486,13,124,262,415,59875,2.16,0.9563550575051607,0.0019168386906517252,0.018283692126216455,0.03863167207313477,0.061191388970805075,10192,0.4212406789638932,0.6004591640502355,0.15026658163265305,0.3501857927786499,0.3522169740973312
Danvers,27457,25752,467,496,1048,1507,84842,2.51,0.9379029027206177,0.01700841315511527,0.01806461011763849,0.038168772990494225,0.05488582146629275,27631,0.34944018674676997,0.6229498136151425,0.2032244725127574,0.6119685244833701,0.454587333067931
Dartmouth,34825,31489,912,919,798,5678,81647.62776740847,2.5655382627422827,0.9042067480258436,0.02618808327351041,0.026389088298636038,0.02291457286432161,0.16304379038047379,56301,0.6108826059927888,0.5687425143425516,0.3864305696168807,0.40220839594323365,0.5015555016784782
Dedham,25360,21203,1929,759,2338,1770,96868,2.44,0.8360804416403785,0.07606466876971608,0.029929022082018926,0.09219242902208202,0.06979495268138801,25377,0.28445486464121056,0.36530176931867436,0.4559800843283288,0.542666958269299,0.41123478740591873
Deerfield,6073,5742,106,44,212,432,74483.2544047423,2.3968681047258356,0.9454964597398321,0.017454305944343818,0.0072451835995389425,0.034908611888687636,0.07113452988638234,15184,0.4221959694415174,0.4461895943097998,0.30336867755532143,0.3812776080084299,0.3496264488935722
Dennis,13936,12790,622,186,323,560,59714.15420493685,2.033396239954076,0.9177669345579793,0.04463260619977038,0.013346727898966704,0.023177382319173365,0.040183696900114814,29338,0.5355749778444338,0.6810368225509579,0.23929197627650148,0.3522999761401595,0.46373121548844504
Dighton,7757,7173,209,0,65,626,91060.33234497873,2.7819517854840794,0.9247131623050149,0.02694340595591079,0,0.008379528168106226,0.0807013020497615,21086,0.3566520819501091,0.3029838471023428,0.20821375320117613,0.37362895760220055,0.2572654367826994
Douglas,8794,8379,24,111,671,338,95567,2.8,0.9528087332272004,0.002729133500113714,0.012622242438025927,0.07630202410734592,0.03843529679326814,16639,0.32060184506280426,0.23271791574012862,0.12606083899272796,0.3164007812969529,0.1872475329046217
Dover,5987,5120,91,586,229,393,224784,2.9699999999999998,0.8551862368465007,0.015199599131451478,0.09787873726407216,0.03824954067145482,0.0656422248204443,5987,0.0014,0.4446,0.3206,0.05280000000000001,0.0309
Dracut,31101,27570,997,1220,1923,2027,88440,2.77,0.8864666730973281,0.03205684704671875,0.03922703450049837,0.061830809298736376,0.06517475322336902,31266,0.535215793513721,0.48015453207957526,0.39980851084244867,0.24814923878973966,0.41074265016311645
Dudley,11682,10800,220,321,327,1649,67117,2.73,0.9244992295839753,0.018832391713747645,0.027478171545968155,0.027991782229070363,0.14115733607259032,11682,0.6319807053586715,0.45808157849683273,0.25328279404211607,0.4192543913713405,0.4950816812189694
Dunstable,3345,3137,0,151,45,214,131250,2.93,0.9378176382660688,0,0.04514200298953662,0.013452914798206279,0.06397608370702541,3345,0.0946,0.1854,0.10249999999999998,0.0041,0.0021
Duxbury,15703,15299,55,268,142,789,128333,2.79,0.9742724320193593,0.0035025154429089984,0.017066802521811118,0.009042858052601414,0.05024517608100363,15703,0.14031599057504937,0.5699159459975801,0.031990530471884354,0.18691425842195758,0.11135474113226772
East Bridgewater,14386,13158,470,316,307,758,86922,2.91,0.9146392325872376,0.032670652022799944,0.021965800083414432,0.021340191853190603,0.05269011538996246,14386,0.48246755178645906,0.6439262060336438,0.24695041012095093,0.2915065688864173,0.3966290351730849
East Brookfield,2159,2123,20,0,38,95,84444,2.63,0.9833256137100509,0.009263547938860583,0,0.01760074108383511,0.04400185270958777,2159,0.4825,0.4419,0.1668,0.2826,0.3253
East Longmeadow,16200,14428,738,740,602,967,88442,2.64,0.8906172839506172,0.04555555555555556,0.04567901234567901,0.037160493827160496,0.05969135802469136,16200,0.3271618703703704,0.8145873086419754,0.35294861728395055,0.33419961111111113,0.44385202469135804
Eastham,4893,4538,127,116,39,129,68161,2.06,0.9274473737993051,0.025955446556304926,0.02370733701205804,0.00797057020232986,0.026364193746167996,4893,0.4302356631923156,0.49432033517269564,0.1649279991825056,0.0621411812793787,0.17628726752503576
Easthampton,17848,16548,361,373,793,1357,62772,2.23,0.9271627073061407,0.02022635589421784,0.02089870013446885,0.04443074854325415,0.07603092783505154,17848,0.45365714365755266,0.5786526333482743,0.2669185398924249,0.3284099394890184,0.39007504482294936
Easton,24306,22038,991,558,772,2830,105369.6014152884,2.7751732082613345,0.9066897062453715,0.04077182588661236,0.022957294495186374,0.03176170492882416,0.11643215666913519,48914,0.27831804800261684,0.3734940548718158,0.2668281800711453,0.462202334709899,0.29017073639448826
Edgartown,4306,3736,37,33,317,238,64810,3.03,0.8676265675801208,0.008592661402693916,0.007663725034835114,0.07361820715281003,0.055271713887598696,4306,0.2844,0.1689,0.5195,0.2051,0.2086
Egremont,8542,7679,266,116,654,774,67674,2.12,0.8989697963006321,0.031140248185436665,0.013579957855303207,0.07656286583938188,0.09061109810348865,14546,0.4557519111783308,0.6151214423209129,0.2941997112608277,0.538888072322288,0.45612348411934556
Erving,1459,1385,34,5,41,59,61359,2.51,0.9492803289924606,0.023303632625085675,0.003427004797806717,0.02810143934201508,0.04043865661411926,3425,0.6943,0.5814,0.1552,0.5453,0.5841
Essex,3713,3675,0,0,20,127,113469,2.6,0.9897656881228117,0,0,0.00538647993536224,0.03420414758955023,3713,0.2193,0.6129,0.1196,0.0357,0.081
Everett,45596,27124,7949,3161,12133,3218,60264,2.89,0.5948767435739977,0.17433546802351083,0.06932625668918325,0.26609790332485306,0.07057636634792526,49068,0.7616544733838755,0.5427897040841282,0.8723923432787153,0.689934280997799,0.7946761799951089
Fairhaven,16026,14502,73,601,303,918,65763,2.41,0.9049045301385249,0.004555097965805566,0.03750155996505678,0.018906776488206663,0.057281916885061776,16026,0.6101067515287658,0.7047079745413702,0.2889839885186572,0.4151465368775739,0.518450742543367
Fall River,88932,70908,4684,1991,9311,5142,42456.60782395538,2.27482919534026,0.7973282957765484,0.05266945531417263,0.022387891872441865,0.10469797148383034,0.057819457563081905,122624,0.857627659348904,0.8151758334420668,0.6703842877413884,0.4772676237930585,0.7909471106798017
Falmouth,31185,27917,938,655,754,1212,73220.24845278179,2.281969215969216,0.8952060285393618,0.030078563411896745,0.021003687670354338,0.024178290844957512,0.038864838864838866,56722,0.3298955713832376,0.5037541835619337,0.20025090441098695,0.2827942403300307,0.2708718962659991
Fitchburg,40737,32831,1565,1433,10658,3659,55277,2.62,0.8059258168249994,0.03841716375776321,0.03517686623953654,0.2616294768883325,0.08982006529690453,44927,0.7811281100451843,0.6815492932980168,0.6254985799185344,0.6618297193224564,0.7675924232644067
Florida,45,45,0,0,0,0,76250,1.88,1,0,0,0,0,1504,0.7498,0.8755,0.11620000000000001,0.48829999999999996,0.6706
Foxborough,17535,15774,892,359,668,725,98374,2.63,0.8995722840034217,0.05086968919304249,0.02047333903621329,0.0380952380952381,0.04134587966923296,17535,0.38854105503279157,0.5983282919874537,0.18380852010265186,0.3536102309666382,0.3414833076703735
Framingham,71719,51246,4394,5938,11308,5784,81701.48836431072,2.427248009592995,0.7145386857039279,0.06126688883001715,0.08279535409026896,0.15767091007961628,0.08064808488685007,85207,0.4535466182355909,0.43174367012099946,0.6429265576771862,0.6137971199549332,0.5431750443038718
Franklin,33022,29854,307,1837,758,2225,115355,2.74,0.9040639573617588,0.0092968324147538,0.055629580279813455,0.022954394040336744,0.06737932287565865,33022,0.22967507419296226,0.292869992732118,0.255281206468415,0.20341818181818183,0.1620663315365514
Freetown,9251,8834,45,49,214,451,90467.5721543617,2.7619143876337695,0.954923792022484,0.004864338990379418,0.005296724678413144,0.023132634309804345,0.04875148632580262,14214,0.48879486421837626,0.34318249613057544,0.12915355283523286,0.20065467848599974,0.23614045307443365
Gardner,20555,18471,427,328,1884,1037,50239,2.35,0.89861347603989294,0.020773534419849186,0.015957188032108976,0.09165653125760155,0.05045001216249088,34935,0.6087291226563618,0.59070311721769,0.24158312294260773,0.6646182796622297,0.5772364076141405
Georgetown,8649,8255,51,85,339,429,128885,2.65,0.9544456006474737,0.005896635449184877,0.009827725748641462,0.03919528269164065,0.04960110995490808,8649,0.09150506416926812,0.3237529887848306,0.1261191929702856,0.2829947508382472,0.09968745519713261
Gill,1608,1471,64,37,8,74,67083,2.35,0.9148009950248757,0.03980099502487562,0.023009950248756218,0.004975124378109453,0.046019900497512436,4351,0.4126,0.71,0.0854,0.7106,0.5024
Gloucester,30049,28409,408,498,690,985,65377,2.26,0.9454224766215182,0.013577822889280841,0.01657293087956338,0.02296249459216613,0.032779793004758896,30049,0.5188062198409266,0.45486013178475154,0.26703404106625844,0.3120140969749409,0.3608929248893474
Goshen,533,533,0,0,31,15,80500,2.34,1,0,0,0.058161350844277676,0.028142589118198873,3526,0.4332,0.3755,0.0444,0.3827,0.2876
Gosnold,40,40,0,0,0,0,110625,2.11,1,0,0,0,0,4218,0.1241,0.3865,0.1634,0.2846,0.15310000000000001
Grafton,18928,15517,952,1460,1325,1116,100981.74857354184,2.647028212172443,0.81979078613694,0.05029585798816568,0.07713440405748098,0.07000211327134404,0.05896027049873204,44065,0.3141106388290026,0.3601293566322479,0.5552850675138999,0.5364171269715193,0.45239594689662993
Granby,6333,6179,0,18,362,416,95987,2.54,0.9756829306805621,0,0.0028422548555187117,0.057160903205431865,0.06568766777198799,6333,0.2947,0.301,0.2112,0.06040000000000001,0.09879999999999999
Granville,2179,2123,0,8,44,96,84926,2.59,0.9743001376778339,0,0.0036714089031665903,0.020192748967416244,0.04405690683799908,7129,0.5284,0.3789,0.0807,0.3052,0.3157
Great Barrington,9682,8740,332,116,736,774,67457.23280313985,2.149436066928321,0.9027060524684982,0.03429043586035943,0.011980995662053295,0.07601735178682091,0.07994216071059698,24533,0.4955285859862226,0.6300799086944116,0.3563772225166103,0.6252635348306363,0.5313805282680472
Greenfield,17713,16256,371,165,1307,1252,49312,2.13,0.9177440298086151,0.020945068593688252,0.009315192231694237,0.07378761361711737,0.07068254953988595,21819,0.57049095742243,0.778866758329896,0.2882182318163069,0.5993790091204914,0.5964984371419405
Groton,11301,10357,8,529,189,623,126883,2.76,0.9164675692416601,7.079019555791523e-4,0.04681001681267145,0.016724183700557473,0.05512786479072648,11301,0.17306393239536325,0.2806715954340324,0.1940279267321476,0.21234130607910806,0.13722993540394657
Groveland,6749,6611,62,15,332,393,97109,2.85,0.9795525263001926,0.009186546154985924,0.002222551489109498,0.04919247295895688,0.05823084901466884,6749,0.16719999999999996,0.3769,0.1265,0.0844,0.07690000000000001
Hadley,5310,4726,338,77,213,435,64276,2.19,0.8900188323917138,0.06365348399246705,0.014500941619585688,0.04011299435028248,0.08192090395480225,5310,0.2221,0.5479,0.3295,0.8181999999999999,0.4928
Halifax,7824,7503,209,18,142,454,92111,2.8,0.9589723926380368,0.026712678936605318,0.0023006134969325155,0.018149284253578733,0.05802658486707567,7824,0.414,0.1717,0.0314,0.3841,0.2052
Hamilton,8020,7483,15,411,101,682,133333,2.95,0.9330423940149626,0.0018703241895261845,0.05124688279301746,0.012593516209476309,0.08503740648379052,8020,0.22857890274314216,0.38239907730673317,0.1345198753117207,0.5817465710723192,0.2823136159600998
Hampden,5191,5032,12,32,204,247,85943,2.57,0.9693700635715662,0.0023116933153534964,0.006164515507609324,0.03929878636100944,0.04758235407435947,5191,0.525,0.7497,0.0396,0.1379,0.2979
Hancock,2580,2477,60,6,28,149,78194,2.57,0.960077519379845,0.023255813953488372,0.002325581395348837,0.010852713178294573,0.05775193798449613,5466,0.4091059275521405,0.6044722283205269,0.06875246981339188,0.42485115257958284,0.37538682766190995
Hanover,14397,13981,116,123,42,783,120000,2.92,0.9711050913384733,0.008057234146002639,0.008543446551364868,0.0029172744321733697,0.05438633048551782,14397,0.15738032228936585,0.5440870320205599,0.0885585121900396,0.2000083211780232,0.13900828644856567
Hanson,10668,10184,78,177,165,729,98537,2.8,0.9546306711661042,0.007311586051743532,0.016591676040494937,0.01546681664791901,0.06833520809898763,15677,0.283950220067615,0.2850934107290936,0.08650044013522995,0.10012134974803853,0.07980015309051477
Hardwick,2277,2169,16,3,104,109,59037.048748353096,2.3640052700922265,0.9525691699604744,0.007026789635485288,0.0013175230566534915,0.04567413263065437,0.04787000439174352,12969,0.7347,0.7565,0.0643,0.6680000000000001,0.6596
Harvard,8375,6695,689,395,700,306,115647.23880597015,2.9244776119402984,0.7994029850746268,0.0822686567164179,0.047164179104477615,0.08358208955223881,0.03653731343283582,51016,0.3981220401442684,0.32163388348753336,0.3771245060373216,0.5532472910459463,0.41550423004547593
Harwich,12232,11281,344,206,218,596,75981.43165467626,2.1837107586657947,0.9222531066056245,0.028122956180510136,0.01684107259646828,0.017822105951602354,0.0487246566383257,36489,0.35931219271561293,0.4892867877990627,0.17061357669434624,0.37161854805557837,0.32599626188714403
Hatfield,3292,3185,13,38,57,171,64160.30315917375,2.112667071688943,0.9674969623329283,0.003948967193195626,0.011543134872417983,0.017314702308626976,0.051944106925880924,9876,0.2385,0.5205,0.1688,0.7538,0.41870000000000007
Haverhill,63280,52219,1560,894,12834,3465,66330.10957648545,2.5819168773704173,0.8252054361567636,0.02465233881163085,0.014127686472819216,0.20281289506953223,0.054756637168141595,78169,0.606178614284435,0.6792564392534125,0.5410066714426436,0.5261982154050838,0.6140824470058464
Hawley,1428,1363,6,32,18,46,61500,2.41,0.9544817927170869,0.004201680672268907,0.022408963585434174,0.012605042016806723,0.03221288515406162,8301,0.6759492591254066,0.8093402843030959,0.07073165883628477,0.6242575954704253,0.6340692567160584
Heath,427,419,0,3,5,28,63036,2.47,0.9812646370023419,0,0.00702576112412178,0.0117096018735363,0.06557377049180328,4511,0.6628,0.8187,0.0595,0.6543,0.6369
Hingham,23298,22461,83,431,264,859,133596,2.63,0.9640741694566057,0.0035625375568718344,0.018499442012189886,0.0113314447592068,0.036870117606661514,23298,0.07868490857584343,0.4872689844621856,0.0987854622714396,0.2687287535410765,0.13406525452828572
Hinsdale,5280,5154,4,0,62,138,66581,2.25,0.9761363636363637,7.575757575757576e-4,0,0.011742424242424242,0.026136363636363635,11938,0.47074960629921264,0.47952652035516835,0.09808803819735298,0.12630055285642486,0.21431512816217124
Holbrook,10728,8783,995,493,575,1078,69539,2.62,0.8186987322893363,0.09274794929157346,0.045954511558538406,0.05359806114839672,0.10048471290082028,11036,0.4624469554186299,0.6936133744110184,0.514874420079739,0.2865165096049293,0.4841833725987677
Holden,18821,17681,219,392,752,1160,104981.75463577919,2.726749907018756,0.9394293608203602,0.011635938579246587,0.020827798735455077,0.03995536900270974,0.061633281972265024,33404,0.2412512333852233,0.5690222488324752,0.2828547718836068,0.21838288827685304,0.23781759070769967
Holland,2539,2456,23,0,73,66,81680,2.66,0.9673099645529736,0.009058684521465145,0,0.028751476959432847,0.02599448601811737,4656,0.6134,0.656,0.0882,0.2771,0.4262
Holliston,14634,13431,157,638,579,653,125625,2.76,0.9177941779417794,0.010728440617739511,0.04359710263769304,0.03956539565395654,0.044622112887795544,14634,0.06459356976903104,0.2937157304906382,0.2186416222495558,0.12575677190105233,0.06383307366406997
Holyoke,40376,34959,1322,496,21054,2147,40656,2.56,0.8658361402813552,0.03274222310283337,0.012284525460669705,0.5214483851793145,0.05317515355656826,40376,0.7802232390529027,0.8001606622746186,0.7729442713493164,0.7136523132553992,0.8052782370715276
Hopedale,5951,5810,38,25,131,219,107550,2.59,0.9763065031087212,0.006385481431692153,0.004200974626113258,0.022013107040833473,0.03680053772475214,5951,0.40230000000000005,0.6594,0.0478,0.5062,0.3988
Hopkinton,17178,14780,298,1671,452,620,166156,2.85,0.8604028408429386,0.017347770404005123,0.09727558505064618,0.026312725579229247,0.036092676679473745,17178,0.10094472581208523,0.17215064617534057,0.34697249970893,0.2318972522994528,0.11212832110839446
Hubbardston,4642,4400,163,16,140,304,95530,2.68,0.9478672985781991,0.03511417492460146,0.0034467901766479965,0.03015941404566997,0.06548901335631194,4642,0.3304,0.1546,0.15310000000000001,0.085,0.0796
Hudson,19868,18452,250,488,1276,1189,87806,2.58,0.9287296154620496,0.012583048117576002,0.024562109925508356,0.06422387759210792,0.059844976847191464,19868,0.4282959482585062,0.4909631769679887,0.4751079021542179,0.4139430843567546,0.4249634336621704
Hull,10424,10024,48,130,235,508,85573,2.14,0.9616270145817345,0.004604758250191865,0.0124712202609363,0.022544128933231006,0.04873369148119724,10424,0.33189378357636223,0.4288348810437453,0.18782538372985416,0.14392173829623944,0.18539641212586339
Huntington,4844,4536,94,0,44,192,63427,2.35,0.9364161849710982,0.019405450041288193,0,0.009083402146985962,0.03963666391412056,18308,0.5165871313087175,0.4120379724710509,0.11304159930085209,0.3602824776054184,0.3509173913043478
Ipswich,13901,13317,155,112,486,797,90557,2.42,0.9579886339112295,0.011150276958492194,0.008056974318394361,0.034961513560175524,0.057334004747859865,13901,0.2900247248399396,0.5422229120207179,0.167317574275232,0.35323755125530537,0.2967161571109992
Kingston,13381,12859,139,55,256,780,106654,2.7,0.9609894626709513,0.010387863388386518,0.004110305657275241,0.01913160451386294,0.05829160750317614,13381,0.3805737613033406,0.6298434123010238,0.1594447574919662,0.5574959420073238,0.4395180255586279
Lakeville,11335,10920,47,81,277,770,106775,2.82,0.9633877370974857,0.004146449051610057,0.007146007940008822,0.02443758270842523,0.06793118659020732,13918,0.28859567466590025,0.5338569622072137,0.0790218996982325,0.3537398189395028,0.2768425707716626
Lancaster,8043,7213,338,130,650,429,100060.66057441253,2.7874412532637076,0.89680467487256,0.042024120353102073,0.016163123212731566,0.08081561606365784,0.05333830660201418,16086,0.5456,0.3912,0.4716,0.3697,0.4804
Lanesborough,2790,2687,60,6,28,149,75136.7311827957,2.5022580645161288,0.9630824372759856,0.021505376344086023,0.002150537634408602,0.01003584229390681,0.053405017921146956,8466,0.4727820694542877,0.6866932671863927,0.0746516654854713,0.39556300496102054,0.41674514528703044
Lawrence,79841,41366,1712,1919,64080,4515,41904.08251399657,3.0904420034819204,0.5181047331571499,0.021442617201688354,0.024035270099322402,0.8025951578762791,0.056549892912162926,97810,0.9168210101216645,0.7784210520396686,0.969110316941008,0.7188115223392292,0.908547656681321
Lee,6384,5834,92,195,104,305,75943.4335839599,2.5404808897243107,0.9138471177944862,0.014411027568922305,0.030545112781954886,0.016290726817042606,0.047775689223057645,16645,0.5762161610093121,0.7642027635926705,0.34526836887954343,0.7125523881045359,0.6365734154400722
Leicester,11457,10772,308,47,455,1081,83105.63777603212,2.687472287684385,0.9402112245788601,0.026883128218556342,0.004102295539844637,0.03971371214104914,0.09435279741642665,35011,0.5067919111136501,0.4992280597526492,0.278288897774985,0.4491876238896346,0.4610422267287424
Lenox,4912,4643,113,50,203,262,74014.74450325733,1.9676689739413682,0.9452361563517915,0.023004885993485342,0.01017915309446254,0.04132736156351791,0.053338762214983716,20080,0.43653973107569716,0.6759505079681275,0.27688097609561757,0.7536755179282869,0.5725347410358566
Leominster,41579,34015,2183,1265,7848,2318,58205,2.43,0.8180812429351355,0.05250246518675293,0.030424012121503644,0.18874912816566056,0.055749296519877825,49622,0.6438921546894523,0.6862982346539842,0.5976037060174922,0.6863762222401354,0.6993952823344484
Leverett,1983,1889,15,39,25,91,91500,2.52,0.9525970751386788,0.007564296520423601,0.019667170953101363,0.012607160867372668,0.04589006555723651,4820,0.3975,0.6067,0.11070000000000002,0.43550000000000005,0.3747
Lexington,33480,21889,308,9786,675,1765,173327.3505376344,2.804637992831541,0.6537933094384707,0.009199522102747909,0.29229390681003586,0.020161290322580645,0.05271804062126643,55554,0.08594523526658747,0.4737667602692875,0.6197175270907587,0.3212136767829499,0.28871288476077334
Leyden,2498,2475,3,10,1,85,67470,2.37,0.9907926341072858,0.0012009607686148918,0.0040032025620496394,4.0032025620496394e-4,0.034027221777421936,4351,0.4126,0.71,0.0854,0.7106,0.5024
Lincoln,4775,4156,111,370,184,215,137222,2.23,0.8703664921465969,0.02324607329842932,0.0774869109947644,0.038534031413612564,0.04502617801047121,11127,0.06129788802013121,0.4801555944998652,0.5154794823402534,0.233852260267817,0.21645894670621013
Littleton,9935,8880,38,605,112,556,120638,2.75,0.8938097634625063,0.003824861600402617,0.06089582284851535,0.011273276295923503,0.05596376446904882,9935,0.20477043784599902,0.4778346854554605,0.21035276295923502,0.36218311021640665,0.24952448917966788
Longmeadow,16022,14465,100,1072,817,1207,111545,2.63,0.9028211209586818,0.006241418050181001,0.06690800149794034,0.05099238546997878,0.07533391586568468,21938,0.3593305907557663,0.6390718388184885,0.4933300574345884,0.4163734752484274,0.4323373552739539
Lowell,111341,67784,7416,25650,20939,12996,51013.61043101822,2.757742161467923,0.6087964002478872,0.06660619178918817,0.23037335752328433,0.1880618999290468,0.11672250114513072,139262,0.8177169249328604,0.5267692536370295,0.8167536549812583,0.6887097047292154,0.8027664675216498
Ludlow,21336,19862,344,205,1825,981,72040,2.6,0.9309148856392951,0.016122984626921636,0.009608173978252718,0.08553618297712785,0.04597862767154106,21336,0.6094586098612673,0.6118624765654294,0.4740895763029621,0.3622804274465692,0.5473232470941133
Lunenburg,11271,10485,234,226,665,568,101510,2.68,0.9302635081181794,0.020761245674740483,0.02005145949782628,0.059000975955993254,0.05039481856090853,11271,0.42838723272114276,0.35968327566320646,0.2143427823618135,0.4746774376719014,0.3741587791677757
Lynn,93538,44980,10446,6942,38828,6270,55617.76290919199,2.852539609570442,0.48087408326027925,0.111676537877654,0.07421582672282923,0.41510402189484485,0.06703158074793132,158697,0.7569042136902399,0.6873594289747128,0.8664982835214275,0.6572958411312123,0.7821289551787368
Lynnfield,13484,12328,164,645,331,669,119876,2.75,0.9142687629783447,0.01216256303767428,0.04783447048353604,0.02454761198457431,0.049614357757342034,29899,0.30440407371483996,0.4714545737315629,0.35025190474597817,0.14301116759757854,0.24240393993110138
Malden,122708,65986,20100,28554,11388,13034,64176,2.64,0.5377481500798644,0.16380350099423022,0.23269876454672883,0.09280568504091012,0.10621964338103465,130586,0.7108093869174337,0.36591334293109523,0.852629023019313,0.7204944358507038,0.7453886480939764
Manchester,5370,5318,0,32,88,247,124025,2.59,0.990316573556797,0,0.0059590316573556795,0.01638733705772812,0.04599627560521415,5370,0.2207,0.6778,0.0902,0.1879,0.1784
Mansfield,23761,21203,643,1214,1007,1512,114720,2.8000000000000003,0.8923445982913177,0.027061150624973697,0.051092125752283155,0.04238037119649846,0.06363368545094904,23761,0.22297835528807708,0.23139973065106687,0.3333053785615084,0.42823247338074993,0.2582072892555027
Marblehead,20488,19586,253,317,945,818,115511,2.47,0.9559742288168684,0.012348691917219837,0.015472471690745802,0.04612456071846935,0.03992581023037876,20488,0.18775244533385396,0.6488869582194455,0.25560841468176493,0.07934544123389302,0.14663857868020305
Marion,5100,4496,80,39,91,236,80188,2.58,0.8815686274509804,0.01568627450980392,0.007647058823529412,0.01784313725490196,0.04627450980392157,5100,0.2721,0.9384,0.2208,0.2709,0.394
Marlborough,39776,31389,1191,2344,5568,2369,79228,2.49,0.7891442075623492,0.029942679002413517,0.058930008045052294,0.13998390989541432,0.05955852775543041,39776,0.4580962691069992,0.40556471741753825,0.664725175985519,0.6986110418342719,0.616249253318584
Marshfield,26152,24970,63,154,465,1642,95168,2.67,0.9548026919547262,0.0024089935760171306,0.005888650963597431,0.017780666870602632,0.06278678494952585,32718,0.3585409315972859,0.5852238920471912,0.142755281496424,0.19389081239684577,0.23841669723088207
Mashpee,14101,12275,368,341,176,571,71810,2.24,0.8705056378980214,0.026097439897879583,0.02418268207928516,0.012481384298985888,0.0404935820154599,22080,0.375647169384058,0.5780890987318841,0.2067356838768116,0.21030018115942029,0.29086308876811595
Mattapoisett,6294,6076,0,8,142,343,91573,2.42,0.9653638385764219,0,0.001271051795360661,0.02256116936765173,0.05449634572608834,6294,0.1234,0.2503,0.0355,0.0412,0.0165
Maynard,10600,9651,156,299,306,472,101324,2.49,0.9104716981132075,0.01471698113207547,0.02820754716981132,0.028867924528301888,0.04452830188679245,10600,0.15172932075471698,0.258272,0.19450028301886796,0.29026271698113204,0.13872273584905662
Medfield,12748,11905,110,607,270,615,155039,3.0599999999999996,0.9338719799184185,0.00862880451835582,0.04761531220583621,0.02117979290869156,0.048242861625353,12748,0.06400275337307813,0.2647719956071541,0.19262789457169752,0.1755563539378726,0.0796255177282711
Medford,59793,44703,5483,6471,3208,9057,92407,2.41,0.7476293211579951,0.09169969728898031,0.10822337062866891,0.05365176525680264,0.15147258040238823,84322,0.40143457460686416,0.149101888000759,0.5927121640852921,0.5328511147743175,0.3907115972106923
Medway,13244,12226,370,396,156,830,119450,2.79,0.9231350045303534,0.0279371790999698,0.029900332225913623,0.011778918755662941,0.0626698882512836,13244,0.2424045983086681,0.31694112050739953,0.1867171247357294,0.14442595137420716,0.12567690274841437
Melrose,28116,24982,740,1670,1053,1731,103743,2.47,0.888533219519135,0.026319533361786884,0.059396784748897424,0.03745198463508323,0.061566367904396076,28116,0.16339598804950917,0.27757159624413147,0.3274203122777066,0.4183096208564518,0.23810656565656566
Mendon,6068,5644,9,98,58,299,132063,2.9899999999999998,0.9301252471984179,0.0014831905075807514,0.016150296638101518,0.00955833882663151,0.0492748846407383,13913,0.26886623301947815,0.14469352404226263,0.11881712786602458,0.30077957306116576,0.1297789333716668
Merrimac,6839,6642,10,62,268,341,83508,2.4500000000000006,0.9711946190963591,0.0014622020763269484,0.00906565287322708,0.03918701564556221,0.04986109080274894,6839,0.4736,0.7326,0.0328,0.4623,0.43450000000000005
Methuen,50019,38255,1211,1884,14484,3459,74912,2.8,0.7648093724384734,0.024210799896039505,0.03766568703892521,0.28956996341390273,0.0691537215857974,50019,0.6358299506187649,0.6171142525840181,0.6650236190247705,0.44999960015194224,0.6068451288510366
Middleborough,24463,22994,426,125,613,1078,83227,2.61,0.9399501287658913,0.01741405387728406,0.005109757593099783,0.025058251236561337,0.044066549482892535,24505,0.35648939808202407,0.5446469536829218,0.1951625300958988,0.502586276270149,0.3811866108957356
Middlefield,257,255,0,2,0,17,69167,1.84,0.9922178988326849,0,0.007782101167315175,0,0.06614785992217899,3147,0.379,0.6265,0.015,0.465,0.34389999999999993
Middleton,9779,8995,82,149,660,452,102604,2.91,0.9198282032927703,0.008385315471929645,0.015236731772164842,0.06749156355455568,0.04622149504039268,9779,0.4112,0.5363,0.3691,0.6433,0.523
Milford,28862,23958,646,808,3875,1293,82260,2.57,0.8300880049892593,0.0223823712840413,0.02799528792183494,0.13425958007068117,0.044799390201649227,36624,0.4870909594801223,0.45478628768020973,0.48759047346002626,0.4493308295107034,0.4845874863477501
Millbury,13630,12477,149,462,182,865,81804,2.57,0.9154071900220103,0.010931768158473954,0.0338958180484226,0.01335289801907557,0.06346294937637564,18070,0.4657455617044826,0.3564172993912562,0.23177441062534587,0.3839041062534588,0.3382205810736027
Millis,8202,7716,172,112,384,318,106336,2.71,0.9407461594732992,0.020970495001219214,0.013655206047305536,0.04681784930504755,0.038771031455742504,8202,0.0802,0.4487,0.2864,0.3539,0.2073
Millville,3242,3161,15,1,35,115,78704,2.64,0.9750154225786551,0.0046267735965453425,3.0845157310302283e-4,0.0107958050586058,0.035471930906847624,3242,0.4935,0.6750999999999999,0.0622,0.4396,0.4316999999999999
Milton,27568,20419,4084,1787,869,2921,127448,2.9,0.7406775972141614,0.14814277423099245,0.06482153221125943,0.03152205455600696,0.10595618107951248,34282,0.30090364039437606,0.4490145149057814,0.49944773933842834,0.3614275363164343,0.34307237034012017
Monroe,91,91,0,0,0,2,26458,1.94,1,0,0,0,0.02197802197802198,4511,0.6628,0.8187,0.0595,0.6543,0.6369
Monson,8745,8429,60,53,148,400,82444,2.53,0.9638650657518582,0.00686106346483705,0.006060606060606061,0.016923956546598055,0.045740423098913664,22265,0.5890959622726252,0.6722456276667416,0.09814015270604089,0.35002485515382886,0.4241113092297327
Montague,8689,7924,138,115,442,355,54154.99562665439,2.2538209230060997,0.9119576476004143,0.015882149844631144,0.013235124870525953,0.05086891471976061,0.04085625503510185,24875,0.571312711557789,0.7886576,0.3130214994974874,0.511255288442211,0.5965098572864321
Monterey,809,787,4,3,6,61,75167,1.87,0.9728059332509271,0.004944375772558714,0.003708281829419036,0.007416563658838072,0.0754017305315204,4909,0.4839288653493583,0.5863155428804238,0.0309496842534121,0.4308837034019149,0.37449706661234466
Montgomery,2422,2268,47,0,22,96,63427,2.35,0.9364161849710982,0.019405450041288193,0,0.009083402146985962,0.03963666391412056,9154,0.5165871313087175,0.4120379724710509,0.11304159930085209,0.3602824776054184,0.3509173913043478
Mount Washington,489,438,0,2,48,22,67500,2.11,0.8957055214723927,0,0.00408997955010225,0.09815950920245399,0.044989775051124746,1965,0.1851,0.6929,0.14560000000000003,0.083,0.1359
Nahant,3495,3346,35,49,56,156,90741,2.19,0.9573676680972818,0.010014306151645207,0.01402002861230329,0.01602288984263233,0.04463519313304721,3495,0.0267,0.6346999999999999,0.2187,0.2346,0.1421
Nantucket,11089,9710,570,107,505,506,104999.41735052755,2.9117584994138332,0.8756425286319777,0.05140229055821084,0.009649201911804491,0.04554062584543241,0.04563080530255208,12217,0.2825074813784072,0.3455199721699272,0.30941019071785214,0.4113263403454203,0.3059024474093477
Natick,35763,29207,589,4740,1439,1968,109490,2.47,0.8166820456896793,0.01646953555350502,0.13253921650868217,0.04023711657299443,0.055028940525123735,36083,0.10488363495274783,0.3768343624421473,0.44674082254801434,0.3835554499348724,0.23491062273092594
Needham,30735,26263,957,2647,932,1550,149183.36788677404,2.7734088173092566,0.8544981291687002,0.031137140068326012,0.0861233121848056,0.030323735155360337,0.050431104603871804,50399,0.12791935355860237,0.47061101013909007,0.3829007797773765,0.3362631897458283,0.25929084704061583
New Ashford,2580,2477,60,6,28,149,78194,2.57,0.960077519379845,0.023255813953488372,0.002325581395348837,0.010852713178294573,0.05775193798449613,5466,0.4091059275521405,0.6044722283205269,0.06875246981339188,0.42485115257958284,0.37538682766190995
New Bedford,94814,61901,5633,1381,19152,4735,44602.32613327146,2.374328896576455,0.6528677199569684,0.05941105743877487,0.0145653595460586,0.20199548589870694,0.04993988229586348,134874,0.8224512092768064,0.7860198926405385,0.6866888303157022,0.4682727323279505,0.7618810964307428
New Braintree,1298,1289,0,6,7,44,89167,2.82,0.9930662557781201,0,0.004622496147919877,0.00539291217257319,0.03389830508474576,4323,0.7347,0.7565,0.0643,0.668,0.6596
New Marlborough,528,522,6,0,0,20,60625,1.91,0.9886363636363636,0.011363636363636364,0,0,0.03787878787878788,1312,0.3167,0.8378999999999999,0.0116,0.2524,0.2835
New Salem,949,888,0,4,4,29,68250,2.34,0.9357218124341412,0,0.004214963119072708,0.004214963119072708,0.030558482613277135,4820,0.3975,0.6067,0.11070000000000002,0.43550000000000005,0.3747
Newbury,7031,6720,30,38,224,457,94010.61427961884,2.484330820651401,0.9557673161712417,0.004266818375764472,0.005404636609301664,0.031858910539041385,0.06499786659081212,14062,0.2618,0.3892,0.1046,0.0857,0.1009
Newburyport,17990,16613,260,627,251,615,103220,2.23,0.9234574763757644,0.014452473596442469,0.03485269594219011,0.013952195664257922,0.03418565869927738,17990,0.2052437909949972,0.40639141745414126,0.259878849360756,0.3271856864924958,0.24084038910505837
Newton,145671,109443,5400,21706,8413,30089,138038.84165688435,2.5539675021109214,0.7513025928290463,0.037069835451119304,0.149007008944814,0.05775343067597531,0.20655449609050533,345478,0.1509793037472719,0.46274612421051414,0.5508846378061699,0.49987686828104827,0.36064495800021995
Norfolk,11317,9879,609,197,813,458,146607,2.99,0.8729345232835557,0.05381284792789608,0.017407440134311215,0.07183882654413713,0.04047008924626668,11748,0.2341946629213483,0.12158539325842696,0.3752484082397004,0.0803743445692884,0.08222322097378278
North Adams,31146,28518,524,276,1210,3398,41807,2.15,0.9156231939895974,0.01682399023951711,0.008861491042188403,0.03884929043857959,0.10909908174404417,32674,0.7897244659362184,0.8719952622880578,0.24436796229417884,0.6559472363347004,0.7434401175246373
North Andover,30589,26540,712,2025,1932,2568,109371,2.64,0.8676321553499624,0.023276341168393867,0.06620026807022132,0.0631599594625519,0.08395174736016214,30589,0.25857724018438,0.41143870345549055,0.39949060119650853,0.5302920821210239,0.39554672921638495
North Attleborough,29116,25904,505,1465,1605,1416,89605.10722626734,2.660340362687182,0.8896826487154829,0.01734441544168155,0.050315977469432616,0.055124330265146314,0.04863305399093282,46451,0.4136425545198166,0.47493656756582203,0.33952869260080515,0.5978428473014574,0.4817314374286883
North Brookfield,4764,4709,28,24,48,360,73599,2.61,0.9884550797649034,0.005877413937867338,0.005037783375314861,0.010075566750629723,0.07556675062972293,4764,0.5936,0.3694,0.0041,0.2188,0.2649
North Reading,15642,14216,208,698,225,900,126818,2.86,0.9088351873161999,0.013297532284874057,0.044623449686740826,0.014384349827387802,0.05753739930955121,15642,0.12171980565145124,0.19178982866641092,0.2808537974683544,0.2220761283723309,0.13313501470400207
Northampton,28568,25122,652,1344,2422,4252,63838.79718566228,2.1814362223466817,0.8793755250630075,0.022822738728647436,0.04704564547745729,0.0847801736208345,0.1488378605432652,50632,0.6351849897298151,0.6071448530573551,0.41578219505451103,0.5159606118660136,0.5881651366724602
Northborough,14985,12815,357,1198,458,838,113608,2.73,0.8551885218551886,0.023823823823823823,0.07994661327994661,0.030563897230563897,0.05592258925592259,14985,0.08370495829162496,0.33656170837504173,0.45717871204537874,0.38701801801801805,0.23319905905905908
Northbridge,16086,14765,316,236,971,768,82041.39723983589,2.698613701355215,0.9178789009076216,0.019644411289319905,0.014671142608479423,0.060363048613701356,0.047743379336068634,47244,0.4166321268309203,0.5171420095673525,0.2084036216239099,0.3144402336804674,0.3316765197697062
Northfield,2997,2858,11,5,99,181,72083,2.41,0.9536202869536203,0.003670337003670337,0.001668335001668335,0.03303303303303303,0.060393727060393726,2997,0.4496,0.8447,0.0246,0.2805,0.37820000000000004
Norton,19634,18278,670,276,470,2723,108423,2.7,0.9309361312009778,0.03412447794641948,0.014057247631659366,0.02393806661913008,0.13868799022104514,19634,0.39752086686360394,0.2870735000509321,0.19738518386472445,0.3834538555566874,0.27372089232963226
Norwell,10987,10577,41,169,140,435,151306,2.93,0.9626831710202968,0.0037316828979703284,0.015381814872121598,0.01274233184672795,0.03959224538090471,16984,0.19741932995760716,0.5321930581723976,0.06106882359868111,0.4529574364107395,0.26386289448893074
Norwood,29201,24288,1747,1962,2018,1983,90511,2.45,0.8317523372487243,0.05982671826307318,0.0671894798123352,0.06910722235539879,0.06790863326598404,29201,0.3673210643471114,0.4582085647751789,0.438715468648334,0.5568314509777063,0.46282779699325366
Oak Bluffs,8789,7751,540,0,140,122,67225.83604505632,2.5959949937421776,0.8818978268289908,0.061440436909773584,0,0.01592900216179315,0.013880987598134031,17693,0.3087247385971853,0.5353104222008703,0.17914909286158368,0.43749987565703946,0.3460082801107782
Oakham,1840,1802,6,4,60,144,84375,2.73,0.9793478260869565,0.003260869565217391,0.002173913043478261,0.03260869565217391,0.0782608695652174,1840,0.4352,0.199,0.0294,0.24970000000000003,0.162
Orange,7785,7541,38,49,92,285,46405,2.42,0.9686576750160565,0.0048811817597944765,0.006294155427103404,0.011817597944765576,0.036608863198458574,15927,0.622847246813587,0.5968962767627299,0.10997111822691029,0.5958396245369498,0.5539210209078923
Orleans,5852,5499,262,53,82,44,71698,2.03,0.9396787423103212,0.04477101845522898,0.009056732740943266,0.014012303485987697,0.007518796992481203,11141,0.25187544206085627,0.3613798043263621,0.09077587290189391,0.6957784669239745,0.35171079795350507
Otis,1323,1291,16,0,22,18,75130.20634920635,2.1019047619047617,0.9758125472411187,0.012093726379440665,0,0.016628873771730914,0.013605442176870748,4784,0.5867,0.4911,0.0499,0.6529,0.5038
Oxford,13773,12578,126,297,691,1111,70019.56153343499,2.5984513177956874,0.9132360415305307,0.009148333696362448,0.021563929427140055,0.05017062368401946,0.08066506933856095,21858,0.5844175404886083,0.6599559429041998,0.3203891572879495,0.25182272852045023,0.4548224814713148
Palmer,11749,10726,226,214,622,761,62522.13226657588,2.5257630436632907,0.9129287598944591,0.019235679632309134,0.01821431611200953,0.052940675802195934,0.06477146991233297,23452,0.6202702285519358,0.7360330547501278,0.20331695377792938,0.6267403547671839,0.605219844789357
Paxton,4870,4384,352,28,133,775,99875,2.78,0.9002053388090349,0.07227926078028747,0.005749486652977412,0.02731006160164271,0.1591375770020534,9576,0.15055269423558895,0.5040969715956557,0.3196744569757728,0.26759168755221385,0.21606276106934
Peabody,52564,47300,1397,514,5518,2733,68214,2.41,0.899855414352028,0.026577125028536642,0.009778555665474468,0.10497679019861503,0.051993759987824364,52865,0.5337438456445663,0.5857363283836187,0.4635206393644188,0.4872527494561619,0.544176642390996
Pelham,30066,22780,1788,3273,2206,12618,55858,2.51,0.7576664671057007,0.0594691678307723,0.10886050688485333,0.07337191512006919,0.4196767112352824,44677,0.7043191933209482,0.22908509747744923,0.40704350784519994,0.6007771627459318,0.5284776215950041
Pembroke,18304,17398,96,271,233,1130,103920,2.8,0.9505026223776224,0.005244755244755245,0.014805506993006994,0.012729458041958042,0.061735139860139863,18304,0.2881174060314685,0.411835347465035,0.05784702797202798,0.21523141389860137,0.1640370410839161
Pepperell,12083,11266,122,289,369,629,96750,2.78,0.9323843416370107,0.01009683025738641,0.023917901183480923,0.030538773483406438,0.052056608458164365,12083,0.32150881403624926,0.37580780435322353,0.11969348671687495,0.4001786063063809,0.270232582967806
Peru,2640,2577,2,0,31,69,66581,2.25,0.9761363636363637,7.575757575757576e-4,0,0.011742424242424242,0.026136363636363635,5969,0.47074960629921264,0.47952652035516835,0.09808803819735298,0.12630055285642486,0.21431512816217124
Petersham,1269,1233,0,6,35,120,68405,2.41,0.9716312056737588,0,0.004728132387706856,0.027580772261623327,0.09456264775413711,7294,0.6861473265697834,0.6060355908966274,0.07875989854675075,0.6445383054565397,0.5930437345763642
Phillipston,13383,12475,77,122,559,595,57164,2.51,0.9321527310767391,0.005753567959351416,0.009116042740790555,0.04176940895165508,0.0444593887768064,14662,0.7489480561997,0.7546315032055654,0.18520049106533898,0.5693407720638385,0.6275264220433775
Pittsfield,44607,38912,1943,883,2783,2016,49385,2.19,0.8723294550182706,0.04355818593494295,0.01979509942385724,0.06238931109467124,0.045194700383347906,60128,0.5690375449042044,0.7114654387307079,0.3299066441591272,0.5292486162852581,0.5623749401277275
Plainfield,1208,1120,6,28,50,84,53750,2.3,0.9271523178807947,0.004966887417218543,0.023178807947019868,0.041390728476821195,0.0695364238410596,6294,0.379,0.6265,0.015,0.465,0.34389999999999993
Plainville,9088,8491,119,231,18,359,98280,2.54,0.9343089788732394,0.01309419014084507,0.025418133802816902,0.0019806338028169014,0.03950264084507042,9088,0.2248,0.264,0.0465,0.6605,0.2663
Plymouth,59133,55041,1013,614,1355,3014,87595,2.49,0.9308000608797118,0.0171308744694164,0.010383373074256337,0.022914447093839312,0.050969847631610096,59331,0.335280858235998,0.4593000960711938,0.19330878124420622,0.40044210277932274,0.3059626401038243
Plympton,2945,2865,33,5,75,178,98359,2.8900000000000006,0.9728353140916808,0.011205432937181663,0.001697792869269949,0.025466893039049237,0.06044142614601019,2945,0.3797,0.23530000000000004,0.028000000000000004,0.2209,0.1434
Princeton,3443,3251,17,16,110,170,134191,2.75,0.9442346790589602,0.004937554458321232,0.004647110078419983,0.03194888178913738,0.04937554458321231,3443,0.0836,0.1915,0.1148,0.0782,0.0261
Provincetown,2960,2712,46,35,103,84,50741,1.6800000000000002,0.9162162162162162,0.015540540540540541,0.011824324324324325,0.034797297297297296,0.02837837837837838,2960,0.5846,0.3659,0.22350000000000003,0.8203,0.5854
Quincy,94121,56825,4685,29299,2846,7354,74076.34578893127,2.2969788888770837,0.6037441166158456,0.049776351717470066,0.3112907852657749,0.030237672782907107,0.07813346649525611,112130,0.5836996851868367,0.2559347855168108,0.7911661856773388,0.6326012512262552,0.5973709676268617
Randolph,34232,12922,13759,4065,3063,3179,73860,2.76,0.3774830567889694,0.401933863052115,0.11874853937835943,0.08947768170133209,0.09286632390745501,39451,0.7132569668702948,0.6994788040860814,0.7761771235203163,0.4580421282096779,0.7194572938582038
Raynham,14326,13215,242,452,327,718,100125,2.72,0.9224486946809995,0.016892363534831773,0.03155102610638001,0.022825631718553677,0.05011866536367444,31686,0.5491138546992362,0.626859275389762,0.3580498327336994,0.46668726251341286,0.5366996780912706
Reading,25048,23205,85,1170,696,1187,112836,2.7299999999999995,0.926421271159374,0.003393484509741297,0.046710316192909614,0.027786649632705204,0.04738901309485787,25100,0.11689760956175299,0.41386797609561754,0.20687868525896413,0.25180693227091633,0.15903009561752987
Rehoboth,12082,11395,63,182,338,846,104052,2.93,0.9431385532196657,0.005214368482039398,0.015063731170336037,0.027975500744909784,0.07002151961595762,12082,0.17755782155272307,0.23555347624565473,0.32189507531865585,0.0629954808806489,0.07473383545770568
Revere,107952,85298,5586,5060,35052,7100,54987,2.69,0.7901474729509411,0.05174522009782125,0.04687268415592115,0.32469986660738104,0.065769971839336,118958,0.7367658165066662,0.5351942517527194,0.8418401183611023,0.6941944972175054,0.7799411540207468
Richmond,1014,958,10,26,3,33,85313,2.05,0.9447731755424064,0.009861932938856016,0.02564102564102564,0.0029585798816568047,0.03254437869822485,3599,0.23495112531258683,0.4096226451792164,0.12144140038899695,0.46407507641011386,0.27032717421505975
Rochester,5245,4988,48,127,57,360,102254,2.85,0.9510009532888465,0.00915157292659676,0.024213536701620592,0.010867492850333652,0.06863679694947569,5527,0.4414,0.4679,0.175,0.2812,0.3109
Rockland,17909,16759,494,80,471,913,79807,2.56,0.9357864760734826,0.027583896364956166,0.004467027751409906,0.026299625886425818,0.05097995421296555,17909,0.42255505611703614,0.5666895918253392,0.2205016695516221,0.5149758277960802,0.4356365123680831
Rockport,7212,7034,12,4,110,159,81681,2.2,0.9753189129229063,0.0016638935108153079,5.546311702717693e-4,0.015252357182473655,0.02204658901830283,7212,0.3321329450915142,0.5403296173044925,0.040743094841930116,0.17994126455906823,0.18765191347753743
Rowe,595,561,7,0,22,21,54500,2.68,0.9428571428571428,0.011764705882352941,0,0.03697478991596639,0.03529411764705882,4511,0.6628,0.8187,0.0595,0.6543,0.6369
Rowley,6298,6042,63,78,60,227,114063,2.88,0.9593521752937441,0.010003175611305176,0.012384884090187362,0.00952683391552874,0.0360431883137504,6298,0.1179,0.288,0.0636,0.1735,0.07
Royalston,1170,1159,3,8,0,30,72083,2.35,0.9905982905982906,0.002564102564102564,0.006837606837606838,0,0.02564102564102564,7075,0.7759333851590106,0.7069226572438163,0.3078984028268551,0.587401554770318,0.6896282685512367
Russell,1270,1223,19,0,23,94,75491,2.47,0.962992125984252,0.014960629921259842,0,0.01811023622047244,0.07401574803149606,7129,0.5284,0.3789,0.0807,0.3052,0.3157
Rutland,8586,8296,4,95,345,597,104050,2.89,0.9662240857209411,4.658746797111577e-4,0.011064523643139996,0.04018169112508735,0.06953179594689028,8586,0.133,0.1122,0.0355,0.5185,0.1242
Salem,43155,33296,1873,858,8395,4401,65495,2.27,0.7715444328583014,0.04340169157687406,0.019881821341675356,0.19453134051674198,0.10198123044838374,43302,0.5832129624497714,0.5068689090573184,0.6390135767401043,0.6630391667821347,0.6386260657706341
Salisbury,9227,8774,90,88,318,478,78355,2.44,0.9509049528557494,0.009753982876341173,0.009537227701311369,0.03446407282973881,0.05180448683212312,9209,0.5190968400477793,0.49810507112607233,0.16529240959930502,0.6691163970029319,0.5102291128244109
Sandisfield,972,930,5,12,17,38,69135,2.59,0.9567901234567902,0.0051440329218107,0.012345679012345678,0.01748971193415638,0.03909465020576132,2392,0.5867,0.4911,0.0499,0.6529,0.5038
Sandwich,20448,19827,15,291,660,1338,96146.7275528169,2.582163536776213,0.9696302816901409,7.335680751173709e-4,0.014231220657276996,0.03227699530516432,0.06543427230046948,49060,0.22587634936812068,0.38318928862617196,0.16088224215246638,0.10773068487566245,0.10688201793721973
Saugus,28165,25258,836,1395,1691,1299,80253,2.66,0.8967867921178768,0.02968222971773478,0.049529557962009585,0.060039055565418074,0.046121072252796026,31692,0.5930892685851319,0.6784980626025495,0.4618964943834406,0.5474932443518868,0.6337984096932979
Savoy,719,648,54,0,17,37,60197,2.42,0.9012517385257302,0.07510431154381085,0,0.02364394993045897,0.05146036161335188,1504,0.7498,0.8755,0.11620000000000001,0.48829999999999996,0.6706
Scituate,18193,17321,144,76,175,741,120617.94816687737,2.61378002528445,0.9520694772714781,0.007915132193700873,0.004177430880008794,0.009619084263178146,0.040729951080085744,25555,0.17530188612795927,0.50594511445901,0.12536781060457838,0.14415673253766387,0.1299667892780278
Seekonk,15210,14711,55,146,223,731,89155,2.53,0.9671926364234057,0.003616042077580539,0.009598948060486522,0.014661406969099277,0.048060486522024985,15210,0.377611939513478,0.498969513477975,0.14859170282708745,0.28700971729125574,0.28076083497698884
Sharon,18377,14169,511,2994,808,1016,138650,2.92,0.7710181204766828,0.02780649725199978,0.16292104260760734,0.043968003482614135,0.05528649942863362,18400,0.09620523369565216,0.3885200597826087,0.4800243423913043,0.20729829347826087,0.18682140217391302
Sheffield,2813,2801,0,0,10,139,87370.70565232847,2.2148666903661574,0.9957340917170281,0,0,0.0035549235691432635,0.04941343761109136,6340,0.3626,0.3577,7e-4,0.2853,0.1805
Shelburne,4041,3831,20,106,26,192,57083,2.16,0.9480326651818857,0.004949269982677555,0.02623113090819104,0.006434050977480821,0.047512991833704527,16766,0.49616936061075984,0.7001140939997614,0.0968280329237743,0.45861992126923534,0.45410169986878207
Sherborn,4301,3929,20,209,168,70,180769,2.76,0.913508486398512,0.0046500813764240876,0.04859335038363171,0.03906068356196234,0.016275284817484307,4301,0.0103,0.3502,0.1969,0.0123,0.0055
Shirley,7598,5723,514,399,851,338,70542,2.5,0.753224532771782,0.06764938141616215,0.05251381942616478,0.11200315872598052,0.04448539089234009,7598,0.645,0.2367,0.5038,0.8553,0.6733
Shrewsbury,36666,26646,1104,6843,1910,2239,106108,2.78,0.7267223040418916,0.030109638357061038,0.18663066601210931,0.052091856215567556,0.06106474663175694,41503,0.3297938269522685,0.51241645423222415,0.6291072115268775,0.5548921596029203,0.5185445244922053
Shutesbury,1536,1431,16,7,82,62,78696,2.36,0.931640625,0.010416666666666666,0.004557291666666667,0.053385416666666664,0.040364583333333336,4820,0.3975,0.6067,0.11070000000000002,0.43550000000000005,0.3747
Somerset,18207,17828,63,52,145,862,77337.7617399901,2.5560652496292637,0.9791838303949031,0.0034602076124567475,0.0028560443785357282,0.007963969901686165,0.04734442796726534,24977,0.6238298674780799,0.7969903711414501,0.2502020458822117,0.17345419385834968,0.4524839091964608
Somerville,78296,59691,4758,7389,8453,9121,92526.7959027281,2.3587635383672216,0.7623761111678757,0.060769387963625215,0.09437263717175845,0.10796209257177888,0.11649381833043834,105767,0.4336686263201187,0.08977953615021698,0.5963860031957038,0.6508277808768331,0.3943876105023306
South Hadley,17763,15988,377,752,1151,3164,65898,2.29,0.9000731858357259,0.021223892360524688,0.042335191127624835,0.0647976130158194,0.17812306479761303,24096,0.49422636122177954,0.45549477506640107,0.22291619355909695,0.30408809345949533,0.3435509794156707
Southampton,6140,5950,0,125,13,228,93854,2.56,0.9690553745928339,0,0.02035830618892508,0.0021172638436482085,0.03713355048859935,6140,0.3098,0.355,0.3431,0.1646,0.2121
Southborough,10074,8365,152,1314,300,481,146142.10005955925,2.8470815961882074,0.8303553702600754,0.015088346237839985,0.13043478260869565,0.029779630732578916,0.04774667460790153,14632,0.1495518862766539,0.3844623564789502,0.34253075451066156,0.2877332148715145,0.2070854291962821
Southbridge,16894,13516,435,53,5422,742,50787,2.4,0.8000473540902096,0.02574878655143838,0.0031372084763821475,0.3209423463951699,0.043920918669350065,16894,0.8305769089617615,0.8435081389842548,0.7089890020125489,0.5269012252870842,0.7976409257724637
Southwick,9727,9541,4,133,170,524,77734,2.54,0.980877968541174,4.112264829855043e-4,0.013673280559268017,0.017477125526883932,0.05387066927110106,9727,0.42741776498406503,0.7909503444021795,0.18617959288578184,0.31622030430759734,0.399201511257325
Spencer,11913,11298,120,428,452,474,71830,2.43,0.9483757239989927,0.010073029463611181,0.035927138420213216,0.03794174431293545,0.03978846638126417,11913,0.5935869050616973,0.40317644589943763,0.27959363720305547,0.4019062536724587,0.41166926047175356
Springfield,154404,96695,28727,3258,69131,13276,38695.4307919484,2.6714883681769903,0.626246729359343,0.1860508795108935,0.021100489624621122,0.4477280381337271,0.08598222843967773,233986,0.8733785944458216,0.8703516137717642,0.8246603741249476,0.6320620520031113,0.8596219077209748
Sterling,8052,7862,40,16,371,500,107348,2.86,0.9764033780427223,0.004967709885742673,0.001987083954297069,0.04607550919026329,0.06209637357178341,8052,0.2001,0.277,0.1183,0.2737,0.14
Stockbridge,1066,921,51,40,38,35,31144,1.61,0.8639774859287055,0.04784240150093809,0.0375234521575985,0.03564727954971857,0.03283302063789869,1960,0.5141,0.552,0.0957,0.4636,0.4296
Stoneham,22144,20402,580,727,827,1264,94835,2.39,0.9213330924855492,0.026192196531791907,0.03283056358381503,0.037346459537572256,0.05708092485549133,22144,0.3117054732658959,0.42506972091763,0.3428509844653179,0.3859010612355492,0.33202011380057805
Stoughton,28534,21249,4068,1221,1204,1644,79421,2.62,0.7446905446134436,0.14256676245882105,0.04279105628373169,0.04219527581131282,0.05761547627391883,36091,0.44828018896677846,0.5507095757945194,0.5951338727106481,0.322371402842814,0.45277120334709486
Stow,7098,6514,1,279,201,320,145967,2.75,0.9177233023386869,1.4088475626937165e-4,0.03930684699915469,0.0283178360101437,0.04508312200619893,7098,0.0322,0.4337,0.1005,0.0405,0.0226
Sturbridge,9537,9000,53,286,299,316,85860.91097829505,2.6528740694138615,0.9436929852154765,0.005557303135157806,0.029988465974625143,0.03135157806438083,0.033134109258676735,19074,0.22339412813253642,0.8942720352312047,0.2524744678620111,0.5047206354199434,0.4684786410821013
Sudbury,18940,16009,145,2048,424,672,176570,2.95,0.8452481520591341,0.007655755015839493,0.10813093980992608,0.022386483632523758,0.035480464625132,24144,0.03260469681908549,0.43204075132538106,0.395014844267727,0.21806220178926441,0.13693370195493704
Sunderland,3659,2774,80,485,235,836,61102,2.2400000000000007,0.7581306367860071,0.021863897239682975,0.13254987701557802,0.06422519814156874,0.22847772615468706,5092,0.4099,0.0698,0.5673,0.5933,0.3693
Sutton,9385,8645,328,118,40,501,102439,2.72,0.9211507725093234,0.034949387320191795,0.012573255194459244,0.004262120404901438,0.053383058071390516,9385,0.07617341502397443,0.4664191262653169,0.1238288758657432,0.04384688332445392,0.03587405434203516
Swampscott,14950,14209,128,130,493,894,113078,2.65,0.9504347826086956,0.008561872909698997,0.008695652173913044,0.03297658862876254,0.05979933110367893,24046,0.3466005739000249,0.6817133702071031,0.41916727106379437,0.6331992098477918,0.5255620061548698
Swansea,16276,15560,51,152,113,632,83405,2.62,0.9560088473826494,0.0031334480216269355,0.009338903907594004,0.0069427377734087,0.03883017940525928,16462,0.4743998724334832,0.5663399343943628,0.19054880330458027,0.21568907787632122,0.32850643907180177
Taunton,63030,52286,4903,869,4728,3301,64484.194415357764,2.554558464223385,0.8295414881802317,0.07778835475170554,0.013787085514834206,0.07501189909566873,0.05237188640330002,89039,0.6260116847673491,0.7041039589393412,0.43934954233538115,0.48832541133660534,0.6030009231909612
Templeton,8127,7856,2,179,199,449,69591.61252614741,2.5074738525901314,0.9666543620031992,2.460932693490833e-4,0.022025347606742955,0.02448628030023379,0.055247938968869204,27352,0.5275208869552501,0.44566360412401285,0.1857289412108804,0.671548603392805,0.5066291349809886
Tewksbury,30807,28427,475,1058,508,1627,97853,2.61,0.9227448307202909,0.01541857370078229,0.03434284415879508,0.016489758821047164,0.052812672444574285,31002,0.35407005999612934,0.5022931262499193,0.26573617508547837,0.3648480452874008,0.3247095735758983
Tisbury,4103,3562,387,0,50,30,50301,2.58,0.8681452595661711,0.09432122836948574,0,0.012186205215695833,0.007311723129417499,13007,0.331070239102022,0.5322519028215577,0.1946943107557469,0.40709324978857536,0.3492536711001768
Tolland,2179,2123,0,8,44,96,84926,2.59,0.9743001376778339,0,0.0036714089031665903,0.020192748967416244,0.04405690683799908,7129,0.5284,0.3789,0.0807,0.3052,0.3157
Topsfield,6551,6343,9,156,100,275,136812,2.98,0.9682491222714089,0.001373836055564036,0.02381315829644329,0.015264845061822623,0.04197832392001221,6551,0.2769,0.8953000000000001,0.1429,0.21600000000000003,0.3219
Townsend,9455,9045,20,112,291,415,86137.04008461132,2.7591507139079847,0.9566367001586462,0.0021152829190904283,0.011845584346906399,0.030777366472765733,0.04389212057112639,18910,0.3584513167636171,0.40806123744050765,0.05512767847699629,0.3173790904283448,0.2390118455843469
Truro,1254,1222,27,0,11,20,60060.28389154705,1.9727432216905898,0.9744816586921851,0.0215311004784689,0,0.008771929824561403,0.01594896331738437,2508,0.5517,0.2175,0.2105,0.3155,0.3246
Tyngsborough,12345,10831,135,918,404,730,109485,2.78,0.8773592547590118,0.010935601458080195,0.07436208991494532,0.032725799918995546,0.05913325232887809,19418,0.4449533680090637,0.3851255484601916,0.42368785662787106,0.2188118704294984,0.3243678030693172
Tyringham,196,186,2,0,16,2,66875,2.09,0.9489795918367347,0.01020408163265306,0,0.08163265306122448,0.01020408163265306,1205,0.462,0.5014,0.0144,0.1845,0.2169
Upton,7762,6526,491,246,348,376,123942,2.97,0.8407626900283433,0.0632568925534656,0.03169286266426179,0.044833805720175215,0.04844112342179851,7835,0.2653,0.1737,0.3281,0.3882,0.2375
Uxbridge,13939,13152,296,311,215,745,101266,2.89,0.9435397087308989,0.021235382739077407,0.022311500107611737,0.015424348948992037,0.05344716263720496,21244,0.4630010544153643,0.39228877800790807,0.07752520711730371,0.26594023724345695,0.2705659433251742
Wakefield,26648,24790,337,588,1225,1284,95954,2.4799999999999995,0.9302761933353347,0.0126463524467127,0.022065445812068447,0.0459696787751426,0.04818372861002702,26960,0.26001169139465874,0.4078427448071216,0.2849349369436202,0.3634653635014837,0.27805251854599405
Wales,1941,1912,3,0,103,99,54647,2.5,0.985059247810407,0.0015455950540958269,0,0.05306543019062339,0.05100463678516229,4656,0.6134,0.656,0.0882,0.2771,0.4262
Walpole,25529,22367,827,1087,1489,1096,113425.4924595558,2.7798002271926046,0.8761408594147831,0.032394531709036785,0.042579027772337345,0.058325825531748206,0.04293156802068236,56340,0.28906583422080223,0.3311810063897764,0.42101575079872205,0.2518183990060348,0.2454228594249201
Waltham,62864,45450,4717,7127,8486,11625,85093.93824764571,2.3365178798676505,0.7229893102570628,0.07503499618223466,0.11337172308475439,0.13498981929244083,0.18492300839908374,98518,0.466738348322134,0.13360042022777563,0.6593787927079315,0.6635638725918106,0.5143622830345723
Ware,31758,30234,300,162,1971,1704,54107,2.32,0.9520120914415265,0.009446438692612885,0.005101076894010958,0.06206310221046665,0.05365577177404118,42483,0.7307783348633571,0.8592133394534286,0.1638320104512393,0.6315043076053951,0.6935157051055717
Wareham,20192,16530,438,194,900,821,67664.5572503962,2.408204239302694,0.8186410459587956,0.02169175911251981,0.009607765451664025,0.04457210776545167,0.04065966719492869,50675,0.6356369531327085,0.7591085564874198,0.303339883571781,0.46482456832757774,0.5970067627035027
Warren,4411,4263,1,147,67,268,73395.47562910905,2.6638472001813644,0.966447517569712,2.2670596236681024e-4,0.033325776467921106,0.015189299478576286,0.060757197914305144,10420,0.4304,0.20179999999999998,0.0185,0.6049,0.3027
Warwick,773,742,0,4,15,25,56250,2.28,0.9598965071151359,0,0.00517464424320828,0.019404915912031046,0.03234152652005175,3425,0.6943,0.5814,0.1552,0.5453,0.5841
Washington,2402,2253,61,4,110,71,75852,2.3,0.9379683597002498,0.0253955037468776,0.0016652789342214821,0.04579517069109076,0.029558701082431308,2402,0.5072,0.4945,0.1415,0.1447,0.2533
Watertown,35387,29462,654,3159,3407,2461,97466,2.25,0.8325656314465765,0.01848136321247916,0.08927007093000254,0.09627829428886314,0.06954531325062877,57490,0.27769915811445467,0.29756007653504957,0.5417565193946774,0.43498825360932336,0.36007133066620284
Wayland,13970,11846,81,1576,570,695,174107,2.78,0.8479599141016464,0.005798138869005011,0.11281317108088762,0.0408017179670723,0.049749463135289905,24940,0.030049811547714515,0.3672581676022454,0.3398312229350441,0.2917509623095429,0.13948717321571774
Webster,16971,14999,501,182,1929,664,57924,2.42,0.8838017795062165,0.02952094749867421,0.010724176536444523,0.11366448647693124,0.03912556714395145,16971,0.6511339932826586,0.7970732720523246,0.455462435920099,0.5854986388545166,0.6710597489835602
Wellesley,27486,22595,595,3092,1244,3380,188250.5608309685,2.8613996216255546,0.82205486429455,0.021647384122826165,0.11249363312231682,0.04525940478789202,0.12297169468092847,50341,0.13962882541069901,0.2577795415267873,0.4108868755090284,0.34129119802943925,0.1748003357104547
Wellfleet,3481,3162,64,115,12,157,69465.8557885665,2.1816288422866994,0.9083596667624246,0.018385521401896008,0.033036483769031885,0.0034472852628555013,0.04510198218902614,10678,0.5981838921146283,0.4982196478741337,0.10807512642817005,0.4217671661359805,0.4292525004682524
Wendell,830,756,10,13,23,49,44531,2.14,0.9108433734939759,0.012048192771084338,0.01566265060240964,0.027710843373493974,0.05903614457831325,3425,0.6943,0.5814,0.1552,0.5453,0.5841
Wenham,5208,4803,97,185,269,1739,109712,2.62,0.9222350230414746,0.018625192012288787,0.03552227342549923,0.05165130568356375,0.3339093701996928,5208,0.024,0.1005,0.2468,0.7503,0.1675
West Boylston,7676,6820,374,97,937,344,79375,2.5,0.8884835852006253,0.048723293381969776,0.012636789994788953,0.12206878582595102,0.044815007816571134,14146,0.5748672911070267,0.38548744521419487,0.48812206984306516,0.33561428672416227,0.4675452000565531
West Bridgewater,7165,6742,83,8,343,415,86806,2.7899999999999996,0.9409630146545709,0.011584089323098396,0.0011165387299371947,0.04787159804605722,0.05792044661549198,7165,0.3652122958827635,0.44429077459874383,0.06357560362875087,0.3964309560362875,0.29344766224703417
West Brookfield,4574,4429,6,50,51,245,68578,2.34,0.9682990817665064,0.0013117621337997377,0.010931351114997814,0.01114997813729777,0.05356362046348929,8985,0.4448109627156372,0.4356945464663327,0.03400333889816361,0.7164484140233722,0.42987779632721207
West Newbury,4581,4490,0,40,65,330,138403,2.88,0.9801353416284654,0,0.008731717965509714,0.014189041693953285,0.07203667321545514,4581,0.2666,0.528,0.1237,0.24210000000000004,0.2093
West Springfield,28666,24480,751,1320,2812,2031,51472,2.37,0.8539733482174005,0.026198283681015837,0.04604758250191865,0.09809530454196609,0.07085048489499755,28666,0.6334440242796344,0.5452255110583967,0.5286903753575665,0.47447926463406126,0.5684341275378497
West Stockbridge,1369,1207,56,31,37,66,71989,2.27,0.8816654492330168,0.04090577063550037,0.022644265887509132,0.02702702702702703,0.04821037253469686,5058,0.34542775800711745,0.6174684064847766,0.1564141162514828,0.28594717279557136,0.29782574139976276
West Tisbury,2707,2578,23,27,40,84,94306,2.35,0.9523457702253417,0.008496490579977835,0.009974141115626155,0.014776505356483192,0.031030661248614703,4218,0.1241,0.3865,0.1634,0.2846,0.15310000000000001
Westborough,18982,13369,511,4528,1001,770,108767,2.72,0.7042988093983774,0.026920240227584026,0.2385417764197661,0.052734169212938574,0.040564745548414285,24498,0.15152958200669442,0.3399421707894522,0.6009383419054617,0.45808303943179035,0.32643288023512124
Westfield,41942,38736,707,1209,3816,5084,64026,2.5,0.923561108197034,0.016856611511134423,0.028825520957512757,0.09098278575175242,0.12121501120595107,48728,0.5388672262354294,0.6102319528813003,0.3961632080118207,0.5415882162206535,0.5323587362502052
Westford,24194,19034,179,4560,459,1587,141173,2.8999999999999995,0.7867239811523519,0.0073985285608001985,0.18847648177234025,0.018971645862610565,0.06559477556418947,24194,0.07528726957096801,0.31314365545176487,0.40451683888567413,0.1738474952467554,0.12429399851202777
Westhampton,17848,16548,361,373,793,1357,62772,2.23,0.9271627073061407,0.02022635589421784,0.02089870013446885,0.04443074854325415,0.07603092783505154,17848,0.45365714365755266,0.5786526333482743,0.2669185398924249,0.3284099394890184,0.39007504482294936
Westminster,7665,7580,15,25,261,504,98714,2.7,0.9889106327462491,0.0019569471624266144,0.0032615786040443573,0.03405088062622309,0.06575342465753424,7665,0.3249,0.37000000000000005,0.0198,0.0137,0.0343
Weston,12067,9768,250,1335,544,1179,181667,2.96,0.8094804010938924,0.020717659733156542,0.11063230297505594,0.04508162757934864,0.09770448330156625,12067,0.10067438468550592,0.6809764813126709,0.461283773928897,0.5026597082953509,0.39082625341841387
Westport,16025,15669,48,65,150,805,79849.3824024961,2.478846177847114,0.9777847113884556,0.002995319812792512,0.004056162246489859,0.0093603744149766,0.050234009360374414,26417,0.4549309005564599,0.6070942272021804,0.1968593065071734,0.2446392815232615,0.319988458189802
Westwood,15880,13923,114,1304,363,719,155887,2.9,0.8767632241813602,0.007178841309823677,0.08211586901763224,0.022858942065491186,0.04527707808564232,26990,0.27177741385698406,0.5916147017413856,0.355232823267877,0.5125584846239348,0.410875483512412
Weymouth,56384,48504,2811,3156,1749,3197,79305.9007697219,2.402054838251986,0.860244040862656,0.04985456867196368,0.0559733257661748,0.031019438138479002,0.05670048240635641,100807,0.5251269286855079,0.40610241649885426,0.39437342148858706,0.4914275913379031,0.4763061811183747
Whately,283,283,0,0,0,29,89643,2.44,1,0,0,0,0.10247349823321555,5092,0.4099,0.0698,0.5673,0.5933,0.3693
Whitman,14961,14290,150,72,222,808,83066,2.77,0.955150056814384,0.010026067776218167,0.00481251253258472,0.014838580308802888,0.054007085087895194,14961,0.45726611189091637,0.5966926809705233,0.11835764988971326,0.34130372969721273,0.36540242630840186
Wilbraham,14690,13654,383,174,752,753,107361,2.68,0.9294758339006126,0.02607215793056501,0.011844792375765826,0.05119128658951668,0.05125936010891763,18211,0.28024622480918127,0.6766889078029763,0.3245493492943825,0.49082867497666244,0.41178614024490695
Williamsburg,7474,7332,38,24,134,342,81574.02140754616,2.3545250200695746,0.981000802782981,0.005084292213005084,0.003211131924003211,0.01792881990901793,0.04575862991704576,26998,0.44779896288613974,0.25785718201348246,0.2378103118749537,0.4299900733387658,0.31042823912882433
Williamstown,7955,6521,343,479,560,2626,82863,2.18,0.8197360150848523,0.04311753614079195,0.06021370207416719,0.07039597737272156,0.3301068510370836,10225,0.5150032860635697,0.3509649682151589,0.28996335452322736,0.6035800293398532,0.49774551589242055
Wilmington,23658,21144,791,1158,384,1337,122813,2.91,0.8937357342125285,0.03343477893313044,0.048947501902105,0.016231295967537408,0.056513652886972694,23658,0.20001171696677655,0.40341932538676134,0.285340975568518,0.4159317693803365,0.27092412291825174
Winchendon,10798,10238,104,139,373,576,71895,2.76,0.9481385441748472,0.009631413224671235,0.012872754213743285,0.034543433969253565,0.05334321170587146,11958,0.6674553437029604,0.6724919217260412,0.11805439036628197,0.8077791771199196,0.6697719016557954
Winchester,22677,18869,62,2889,484,1030,159536,2.84,0.8320765533359792,0.0027340477135423557,0.12739780394232042,0.0213432111831371,0.045420470079816554,32289,0.16654757347703553,0.3592762674595063,0.47042292111864725,0.38019501068475325,0.2753842980581622
Windsor,770,738,0,11,8,35,83333,2.31,0.9584415584415584,0,0.014285714285714285,0.01038961038961039,0.045454545454545456,1714,0.4181,0.199,0.05539999999999999,0.1043,0.1064
Winthrop,18535,17302,231,114,1638,1198,68322,2.31,0.9334772052872943,0.012462908011869436,0.00615052603183167,0.08837334772052872,0.0646344753169679,18535,0.44164268141354196,0.4586256056110062,0.42168435392500675,0.4435601618559482,0.4498762881035878
Woburn,40350,32182,2631,3196,1957,2133,88671,2.54,0.7975712515489467,0.06520446096654275,0.07920693928128872,0.048500619578686496,0.05286245353159851,46820,0.34469835753951306,0.38890051900897055,0.5258192738146091,0.584628385305425,0.482981892353695
Worcester,185611,128083,22143,14027,39548,25197,47609.37311366244,2.411438600082969,0.6900614726497891,0.11929788643992005,0.07557202967496539,0.21306926852395602,0.13575165264989683,385800,0.7405941863659928,0.5678482019180923,0.7332055811301192,0.6914616054950752,0.7478125974598236
Worthington,1196,1178,4,0,10,40,78393,2.13,0.9849498327759197,0.0033444816053511705,0,0.008361204013377926,0.033444816053511704,3147,0.379,0.6265,0.015,0.465,0.34389999999999993
Wrentham,11734,11324,300,75,332,785,113017,2.75,0.9650588034770752,0.025566729163115733,0.006391682290778933,0.028293846940514743,0.0668996079768195,11734,0.21434446906425772,0.24912733935571843,0.11703289585818986,0.26723664564513383,0.12556698483040737
Yarmouth,23950,22213,550,613,497,1098,64383.09503131524,2.2260509394572026,0.9274739039665971,0.022964509394572025,0.02559498956158664,0.020751565762004175,0.0458455114822547,40846,0.4275704181560006,0.576538231405768,0.22597130196347254,0.23312009254272145,0.31080061939969644
